accuracy,f1,n_estimators,max_depth,min_samples_leaf,bootstrap,criterion,predictors,predictor importances,Random Sampling
0.8149433616842747,0.7932320183447815,12,12,4,True,entropy,"['case AMOUNT_REQ', 'event concept:name', 'prev event', 'time of day']","[0.008260270405499408, 0.4871278531101007, 0.4646677367389294, 0.039944139745470474]",0.0
0.8154010450436706,0.7938642795197586,90,12,4,True,entropy,"['case AMOUNT_REQ', 'event concept:name', 'prev event', 'time of day']","[0.007948105983414333, 0.4719249087041311, 0.4819755615855859, 0.038151423726868694]",0.0
0.8154963957435447,0.7940060255859155,75,12,4,True,entropy,"['case AMOUNT_REQ', 'event concept:name', 'prev event', 'time of day']","[0.007926367095683373, 0.4710246967483686, 0.48226605838149234, 0.03878287777445562]",0.0
0.8140089248255082,0.7909180827610307,5,12,4,False,entropy,"['case AMOUNT_REQ', 'event concept:name', 'prev event', 'time of day']","[0.00792509195269893, 0.5065354277371766, 0.4441763072427443, 0.04136317306737991]",0.0
0.8149052214043251,0.7927698646131112,10,12,4,False,entropy,"['case AMOUNT_REQ', 'event concept:name', 'prev event', 'time of day']","[0.006545774308586411, 0.5136902523239764, 0.4412304066434768, 0.03853356672396044]",0.0
0.815687097143293,0.794070157331314,15,12,4,False,entropy,"['case AMOUNT_REQ', 'event concept:name', 'prev event', 'time of day']","[0.006309408148767006, 0.4796073560653351, 0.47516482168617913, 0.03891841409971883]",0.0
0.8152675540638469,0.7936861043723712,20,12,4,False,entropy,"['case AMOUNT_REQ', 'event concept:name', 'prev event', 'time of day']","[0.006145447922744481, 0.4953688133219666, 0.46107631267351107, 0.03740942608177798]",0.0
0.8153438346237462,0.7936862096308336,25,12,4,False,entropy,"['case AMOUNT_REQ', 'event concept:name', 'prev event', 'time of day']","[0.006013959051256254, 0.4882493890214942, 0.46835784537956227, 0.037378806547687264]",0.0
0.8151149929440482,0.7937620516241536,30,12,4,False,entropy,"['case AMOUNT_REQ', 'event concept:name', 'prev event', 'time of day']","[0.0059198350161137935, 0.48088427221507785, 0.4768466434979905, 0.03634924927081775]",0.0
0.8153438346237462,0.7939797300628665,35,12,4,False,entropy,"['case AMOUNT_REQ', 'event concept:name', 'prev event', 'time of day']","[0.005905120397251503, 0.47939650474006157, 0.4783225451417058, 0.036375829720981016]",0.0
0.8154582554635951,0.7939360400896626,40,12,4,False,entropy,"['case AMOUNT_REQ', 'event concept:name', 'prev event', 'time of day']","[0.005984633375273035, 0.4785010486603557, 0.4788464401399404, 0.03666787782443096]",0.0
0.8155345360234945,0.7940673671596843,45,12,4,False,entropy,"['case AMOUNT_REQ', 'event concept:name', 'prev event', 'time of day']","[0.006017182390517102, 0.48009597763116724, 0.477256338084548, 0.03663050189376762]",0.0
0.3501086997978565,0.1997768058600013,15,1,4,False,entropy,"['case AMOUNT_REQ', 'event concept:name', 'prev event', 'time of day']","[0.0, 0.4, 0.26666666666666666, 0.3333333333333333]",0.0
0.4665128342042031,0.33667894197203,15,2,4,False,entropy,"['case AMOUNT_REQ', 'event concept:name', 'prev event', 'time of day']","[0.0, 0.3986387152998361, 0.5328536471773828, 0.06850763752278108]",0.0
0.5073801441702582,0.3907303101946178,15,3,4,False,entropy,"['case AMOUNT_REQ', 'event concept:name', 'prev event', 'time of day']","[6.21469724378378e-05, 0.449552849674114, 0.5171512541699028, 0.033233749183545255]",0.0
0.6141729280292917,0.5278264619605734,15,4,4,False,entropy,"['case AMOUNT_REQ', 'event concept:name', 'prev event', 'time of day']","[0.001156490781979354, 0.4001151956226491, 0.5638802346462847, 0.034848078949086925]",0.0
0.7235973912048514,0.6663426510128394,15,5,4,False,entropy,"['case AMOUNT_REQ', 'event concept:name', 'prev event', 'time of day']","[0.00010832628310044579, 0.4493532602532824, 0.517403304854315, 0.03313510860930205]",0.0
0.7608413745756893,0.716317817440172,15,6,4,False,entropy,"['case AMOUNT_REQ', 'event concept:name', 'prev event', 'time of day']","[0.0014371925412874835, 0.49432780055266423, 0.47137533581225827, 0.03285967109379003]",0.0
0.7805980395896106,0.7391329681356694,15,7,4,False,entropy,"['case AMOUNT_REQ', 'event concept:name', 'prev event', 'time of day']","[0.0022870534611502385, 0.4608596624554268, 0.5037611681983786, 0.03309211588504444]",0.0
0.7940806285518136,0.7589915202234538,15,8,4,False,entropy,"['case AMOUNT_REQ', 'event concept:name', 'prev event', 'time of day']","[0.002147304224691427, 0.4641822630075092, 0.5035148761338478, 0.030155556633951686]",0.0
0.8083260231130096,0.7823388154638052,15,9,4,False,entropy,"['case AMOUNT_REQ', 'event concept:name', 'prev event', 'time of day']","[0.0028872443338959033, 0.48608928821861863, 0.4764204094386602, 0.03460305800882527]",0.0
0.8130172775468172,0.788690279489963,15,10,4,False,entropy,"['case AMOUNT_REQ', 'event concept:name', 'prev event', 'time of day']","[0.003702011221296294, 0.48355217561408287, 0.4783692060058989, 0.03437660715872183]",0.0
0.8140279949654831,0.7906676401779876,15,11,4,False,entropy,"['case AMOUNT_REQ', 'event concept:name', 'prev event', 'time of day']","[0.005177908429806592, 0.46893157991869666, 0.48987771922302326, 0.0360127924284736]",0.0
0.8147145200045768,0.7931883337024623,15,13,4,False,entropy,"['case AMOUNT_REQ', 'event concept:name', 'prev event', 'time of day']","[0.007785687341862975, 0.47020866272734, 0.4807251455832785, 0.04128050434751852]",0.0
0.8142949769251306,0.7928425735303948,15,14,4,False,entropy,"['case AMOUNT_REQ', 'event concept:name', 'prev event', 'time of day']","[0.009349831372701383, 0.5009955727165173, 0.4458166950558501, 0.04383790085493123]",0.0
0.8133223997864144,0.7904955334895251,15,12,4,False,gini,"['case AMOUNT_REQ', 'event concept:name', 'prev event', 'time of day']","[0.005646038316245594, 0.4709050902339523, 0.48612612388190074, 0.03732274756790131]",0.0
0.8150577825241238,0.7933020903237535,15,12,4,True,entropy,"['case AMOUNT_REQ', 'event concept:name', 'prev event', 'time of day']","[0.008177663795059431, 0.4818614242336695, 0.47036365989132484, 0.039597252079946264]",0.0
0.8160112895228651,0.7949542892009748,90,12,4,False,entropy,"['case AMOUNT_REQ', 'event concept:name', 'prev event', 'time of day']","[0.0058678741875894174, 0.4849924811231534, 0.4736893917294838, 0.035450252959773366]",0.0
0.8157061672832678,0.7945875786280281,100,12,4,False,entropy,"['case AMOUNT_REQ', 'event concept:name', 'prev event', 'time of day']","[0.005862358003214306, 0.48059341115315596, 0.47772523319418686, 0.03581899764944286]",0.0
0.8158777985430413,0.7948613534870951,110,12,4,False,entropy,"['case AMOUNT_REQ', 'event concept:name', 'prev event', 'time of day']","[0.005818044430765628, 0.48014713310653234, 0.4786173355658692, 0.03541748689683294]",0.0
0.8158396582630917,0.7947459296134896,120,12,4,False,entropy,"['case AMOUNT_REQ', 'event concept:name', 'prev event', 'time of day']","[0.005805415447788359, 0.479759968347332, 0.4791315842917106, 0.0353030319131691]",0.0
0.8158777985430413,0.7947818051475767,130,12,4,False,entropy,"['case AMOUNT_REQ', 'event concept:name', 'prev event', 'time of day']","[0.00583357869257726, 0.4816857311007901, 0.477134549316857, 0.03534614088977561]",0.0
0.8157252374232427,0.7945877553416445,140,12,4,False,entropy,"['case AMOUNT_REQ', 'event concept:name', 'prev event', 'time of day']","[0.005849339081926089, 0.47895464397689935, 0.4796835683174155, 0.035512448623758956]",0.0
0.8156489568633434,0.7945401447778997,150,12,4,False,entropy,"['case AMOUNT_REQ', 'event concept:name', 'prev event', 'time of day']","[0.005852228187745282, 0.47984300859455725, 0.47898363479953027, 0.03532112841816711]",0.0
0.8157443075632175,0.7942889506163961,300,12,4,False,entropy,"['case AMOUNT_REQ', 'event concept:name', 'prev event', 'time of day']","[0.005891843013575961, 0.4740153998654865, 0.4846121202224571, 0.03548063689848032]",0.0
0.8138945039856592,0.7929044392624606,90,16,4,False,entropy,"['case AMOUNT_REQ', 'event concept:name', 'prev event', 'time of day']","[0.012446139322203844, 0.4589920474825213, 0.4799356929813909, 0.048626120213883926]",0.0
0.811262824669133,0.7911464646727798,90,18,4,False,entropy,"['case AMOUNT_REQ', 'event concept:name', 'prev event', 'time of day']","[0.015900257691971082, 0.46581115465316986, 0.4626527879687771, 0.055635799686081934]",0.0
0.8097753537510965,0.790006799310938,90,20,4,False,entropy,"['case AMOUNT_REQ', 'event concept:name', 'prev event', 'time of day']","[0.01849685513075685, 0.45693890968587614, 0.46207321774588395, 0.062491017437482976]",0.0
0.8080781112933368,0.7891906391630852,90,22,4,False,entropy,"['case AMOUNT_REQ', 'event concept:name', 'prev event', 'time of day']","[0.020815183951948438, 0.45127794509451485, 0.45878391417420344, 0.06912295677933321]",0.0
0.80662878065525,0.7887411268047422,90,24,4,False,entropy,"['case AMOUNT_REQ', 'event concept:name', 'prev event', 'time of day']","[0.022094269468579307, 0.45537438433268246, 0.4492115282539205, 0.07331981794481783]",0.0
0.7939471375719898,0.7546897477756044,90,8,4,False,entropy,"['case AMOUNT_REQ', 'event concept:name', 'prev event', 'time of day']","[0.0020335299485965083, 0.4697040859050316, 0.497477785719216, 0.030784598427155915]",0.0
0.8099851252908197,0.7825161803533722,90,9,4,False,entropy,"['case AMOUNT_REQ', 'event concept:name', 'prev event', 'time of day']","[0.002955932258911715, 0.4723376421584689, 0.4928572684695618, 0.03184915711305757]",0.0
0.8130554178267668,0.7899544242548794,90,10,4,False,entropy,"['case AMOUNT_REQ', 'event concept:name', 'prev event', 'time of day']","[0.0037530530517653807, 0.474007632173472, 0.4901608884045083, 0.03207842637025437]",0.0
0.8153247644837713,0.7931812472999585,90,11,4,False,entropy,"['case AMOUNT_REQ', 'event concept:name', 'prev event', 'time of day']","[0.004845318976902949, 0.4822254655782387, 0.47839506406038396, 0.034534151384474375]",0.0
0.8150768526640986,0.7932328545489415,90,12,3,False,entropy,"['case AMOUNT_REQ', 'event concept:name', 'prev event', 'time of day']","[0.0060348406952097705, 0.47708980695768893, 0.4803881849015835, 0.036487167445517756]",0.0
0.8155726763034441,0.7940276221517428,90,12,5,False,entropy,"['case AMOUNT_REQ', 'event concept:name', 'prev event', 'time of day']","[0.005983474886125579, 0.4730438937689313, 0.4850834089590874, 0.035889222385855846]",0.0
0.8157443075632175,0.794646650186719,95,12,4,False,entropy,"['case AMOUNT_REQ', 'event concept:name', 'prev event', 'time of day']","[0.0058462501767356295, 0.48363255365281205, 0.4747347766509003, 0.035786419519552026]",0.0
0.8158396582630917,0.794710706823086,93,12,4,False,entropy,"['case AMOUNT_REQ', 'event concept:name', 'prev event', 'time of day']","[0.005843738800213672, 0.48321611848388296, 0.47526862119141355, 0.03567152152448982]",0.0
0.815801517983142,0.7946639320652824,97,12,4,False,entropy,"['case AMOUNT_REQ', 'event concept:name', 'prev event', 'time of day']","[0.0058773250154005975, 0.48212470401963314, 0.47632433847978645, 0.035673632485179754]",0.0
0.8160684999427896,0.7949959773984768,83,12,4,False,entropy,"['case AMOUNT_REQ', 'event concept:name', 'prev event', 'time of day']","[0.005837531538174595, 0.484173502657354, 0.47436072222817544, 0.03562824357629599]",0.0
0.8159922193828902,0.7949661809143383,85,12,4,False,entropy,"['case AMOUNT_REQ', 'event concept:name', 'prev event', 'time of day']","[0.005831564134938674, 0.48334770024464946, 0.47510213970650494, 0.03571859591390694]",0.0
0.8159922193828902,0.7949493272332955,87,12,4,False,entropy,"['case AMOUNT_REQ', 'event concept:name', 'prev event', 'time of day']","[0.0058489963359691114, 0.48508805371805824, 0.4733902702827825, 0.03567267966319005]",0.0
0.8158205881231169,0.7946955430964108,77,12,4,False,entropy,"['case AMOUNT_REQ', 'event concept:name', 'prev event', 'time of day']","[0.005849221857749614, 0.4820716353667787, 0.47648586601478443, 0.03559327676068726]",0.0
0.815915938822991,0.7947993636293097,79,12,4,False,entropy,"['case AMOUNT_REQ', 'event concept:name', 'prev event', 'time of day']","[0.005830536076460912, 0.48336202684455454, 0.47530263149659757, 0.03550480558238696]",0.0
0.8158968686830161,0.7948012999393221,81,12,4,False,entropy,"['case AMOUNT_REQ', 'event concept:name', 'prev event', 'time of day']","[0.005852591831981148, 0.48395950137030086, 0.4745201602606019, 0.03566774653711602]",0.0
0.8158396582630917,0.7947374346673229,80,12,4,False,entropy,"['case AMOUNT_REQ', 'event concept:name', 'prev event', 'time of day']","[0.005864373128677667, 0.4828765349518893, 0.47556248444257815, 0.035696607476854866]",0.0
0.8160875700827644,0.7950687848308305,84,12,4,False,entropy,"['case AMOUNT_REQ', 'event concept:name', 'prev event', 'time of day']","[0.005830146146803769, 0.4830793227545909, 0.47541679752543603, 0.03567373357316928]",0.0
0.8159540791029406,0.7948969225414848,82,12,4,False,entropy,"['case AMOUNT_REQ', 'event concept:name', 'prev event', 'time of day']","[0.005849963810733604, 0.485180301998448, 0.4733699557714304, 0.03559977841938804]",0.0
0.3416034173690835,0.2010409438126359,2,2,2,False,gini,"['case AMOUNT_REQ', 'event concept:name', 'prev event', 'time of day']","[0.0, 0.0, 0.8369742209475634, 0.16302577905243665]",0.0
0.8063999389755521,0.7782604675163972,2000,10,1,True,gini,"['case AMOUNT_REQ', 'event concept:name', 'prev event', 'time of day']","[0.004927896789634472, 0.47237124065829156, 0.48592374950738776, 0.03677711304468628]",0.0
0.8135512414661124,0.7896388495722141,2000,10,1,True,entropy,"['case AMOUNT_REQ', 'event concept:name', 'prev event', 'time of day']","[0.004909272528825551, 0.47273852843330355, 0.48882600930450576, 0.03352618973336513]",0.0
0.8157252374232427,0.7943114207664745,150,12,4,False,entropy,"['case AMOUNT_REQ', 'event concept:name', 'prev event', 'time of day']","[0.00597480040480497, 0.47275691535556863, 0.485143452849009, 0.036124831390617326]",0.0
0.8157252374232427,0.794335748936862,160,12,4,False,entropy,"['case AMOUNT_REQ', 'event concept:name', 'prev event', 'time of day']","[0.005986057593155377, 0.47271208858816566, 0.48511676659812514, 0.03618508722055376]",0.0
0.815687097143293,0.7942504200911134,170,12,4,False,entropy,"['case AMOUNT_REQ', 'event concept:name', 'prev event', 'time of day']","[0.005983065657829811, 0.474930453099752, 0.4828068138149817, 0.036279667427436484]",0.0
0.8154582554635951,0.7940031118704801,180,12,4,False,entropy,"['case AMOUNT_REQ', 'event concept:name', 'prev event', 'time of day']","[0.005979490844505997, 0.471452188723283, 0.4862879711969313, 0.03628034923527977]",0.0
0.8156489568633434,0.7940547064789469,50,12,4,False,entropy,"['case AMOUNT_REQ', 'event concept:name', 'prev event', 'time of day']","[0.0060013077344562744, 0.47524569051468, 0.48186273962710263, 0.03689026212376105]",0.0
0.8158587284030665,0.7943954799003218,55,12,4,False,entropy,"['case AMOUNT_REQ', 'event concept:name', 'prev event', 'time of day']","[0.0059799963015751125, 0.47020601031889975, 0.4870704644518014, 0.03674352892772366]",0.0
0.8158205881231169,0.7943877610577574,60,12,4,False,entropy,"['case AMOUNT_REQ', 'event concept:name', 'prev event', 'time of day']","[0.006004022047923403, 0.4731914410483809, 0.48413450509453054, 0.03667003180916521]",0.0
0.8155536061634693,0.793789420762282,65,12,4,False,entropy,"['case AMOUNT_REQ', 'event concept:name', 'prev event', 'time of day']","[0.005975341895747887, 0.47899606988099724, 0.4782927062794843, 0.036735881943770615]",0.0
0.8156298867233686,0.7940673263060084,70,12,4,False,entropy,"['case AMOUNT_REQ', 'event concept:name', 'prev event', 'time of day']","[0.005934999929141282, 0.48092841130776304, 0.47663477504196444, 0.03650181372113132]",0.0
0.8148480109844006,0.7922322727183965,50,11,4,False,entropy,"['case AMOUNT_REQ', 'event concept:name', 'prev event', 'time of day']","[0.004654963062706534, 0.4695232338055312, 0.49103098945342194, 0.034790813678340415]",0.0
0.8151912735039475,0.7927037391803403,55,11,4,False,entropy,"['case AMOUNT_REQ', 'event concept:name', 'prev event', 'time of day']","[0.004703781956750514, 0.4647677919403979, 0.49621987479760354, 0.034308551305248035]",0.0
0.8151912735039475,0.7926620547200446,60,11,4,False,entropy,"['case AMOUNT_REQ', 'event concept:name', 'prev event', 'time of day']","[0.004695553818118049, 0.46724709715144114, 0.49391373182696374, 0.034143617203477146]",0.0
0.8154963957435447,0.7932426684975286,65,11,4,False,entropy,"['case AMOUNT_REQ', 'event concept:name', 'prev event', 'time of day']","[0.004743758644646818, 0.4725561408503773, 0.4885230202173592, 0.03417708028761664]",0.0
0.8154963957435447,0.793273029709265,70,11,4,False,entropy,"['case AMOUNT_REQ', 'event concept:name', 'prev event', 'time of day']","[0.004783306607704822, 0.47524824445182007, 0.48589536087490176, 0.034073088065573305]",0.0
0.8150959228040734,0.7935990997868992,50,13,4,False,entropy,"['case AMOUNT_REQ', 'event concept:name', 'prev event', 'time of day']","[0.007302855171143955, 0.46819193074744025, 0.4859837898024525, 0.03852142427896335]",0.0
0.8150959228040734,0.7935796962391919,55,13,4,False,entropy,"['case AMOUNT_REQ', 'event concept:name', 'prev event', 'time of day']","[0.007325923100945295, 0.4638333510103082, 0.49051756852906164, 0.03832315735968489]",0.0
0.8152103436439223,0.7925942011331442,50,11,4,False,entropy,"['case AMOUNT_REQ', 'event concept:name', 'prev event', 'time of day']","[0.004896945361064102, 0.4786016727240791, 0.4821835788345745, 0.034317803080282094]",0.0
0.8154773256035699,0.793096496116252,55,11,4,False,entropy,"['case AMOUNT_REQ', 'event concept:name', 'prev event', 'time of day']","[0.004920246243895644, 0.470574296757478, 0.4899157364326855, 0.03458972056594089]",0.0
0.8154963957435447,0.7933021882231748,60,11,4,False,entropy,"['case AMOUNT_REQ', 'event concept:name', 'prev event', 'time of day']","[0.004894550838263645, 0.4717540898580948, 0.4886417674860457, 0.03470959181759588]",0.0
0.8131316983866662,0.7900024074569919,84,10,4,False,entropy,"['case AMOUNT_REQ', 'event concept:name', 'prev event', 'time of day']","[0.0036668831388648945, 0.4735939399187444, 0.49064471744175914, 0.032094459500631584]",0.0
0.8153438346237462,0.7932271650477893,84,11,4,False,entropy,"['case AMOUNT_REQ', 'event concept:name', 'prev event', 'time of day']","[0.004819205637179793, 0.4831168665322016, 0.4773414452662069, 0.0347224825644117]",0.0
0.8154582554635951,0.7938449879455597,84,13,4,False,entropy,"['case AMOUNT_REQ', 'event concept:name', 'prev event', 'time of day']","[0.007389555481303012, 0.47077498300787546, 0.482900076488326, 0.03893538502249567]",0.0
0.8147145200045768,0.7932728226263045,84,14,4,False,entropy,"['case AMOUNT_REQ', 'event concept:name', 'prev event', 'time of day']","[0.008858197511255054, 0.47455395599953576, 0.4753700445469649, 0.041217801942244336]",0.0
0.8150577825241238,0.7932966963763478,84,12,3,False,entropy,"['case AMOUNT_REQ', 'event concept:name', 'prev event', 'time of day']","[0.006005259440960713, 0.4786764359629104, 0.4790997363187378, 0.03621856827739116]",0.0
0.8153247644837713,0.7935544344405419,84,12,5,False,entropy,"['case AMOUNT_REQ', 'event concept:name', 'prev event', 'time of day']","[0.0059381729486452746, 0.4735655559945782, 0.48447063640368476, 0.03602563465309169]",0.0
0.8336235224876158,0.8136766240800715,84,12,4,True,entropy,"['case AMOUNT_REQ', 'event concept:name', 'prev event', 'time of day']","[0.009335573388704131, 0.44270865021583206, 0.5095076562824964, 0.03844812011296746]",1.0
0.8354211021438828,0.8156482859653885,84,12,1,True,entropy,"['case AMOUNT_REQ', 'event concept:name', 'prev event', 'time of day']","[0.00993914294034839, 0.4414533454394729, 0.5084783909256909, 0.040129120694487895]",1.0
0.8278704758132396,0.8049654016986015,84,9,1,True,entropy,"['case AMOUNT_REQ', 'event concept:name', 'prev event', 'time of day']","[0.0044557885422191355, 0.45009035279309, 0.5136851935941003, 0.03176866507059068]",1.0
0.8308288359657375,0.809941701034949,84,10,1,True,entropy,"['case AMOUNT_REQ', 'event concept:name', 'prev event', 'time of day']","[0.005950713692837171, 0.44833346359604404, 0.5117663873475706, 0.033949435363548094]",1.0
0.833032133485171,0.8129978270152809,84,11,1,True,entropy,"['case AMOUNT_REQ', 'event concept:name', 'prev event', 'time of day']","[0.008043310923755329, 0.44922971819897595, 0.5054195732514599, 0.037307397625808904]",1.0
0.8378843392583057,0.8187144066575377,84,13,1,True,entropy,"['case AMOUNT_REQ', 'event concept:name', 'prev event', 'time of day']","[0.012815173381469628, 0.4418642391073351, 0.5000721862555086, 0.04524840125568673]",1.0
0.8414244689805417,0.8228602634453542,84,14,1,True,entropy,"['case AMOUNT_REQ', 'event concept:name', 'prev event', 'time of day']","[0.01569987791879762, 0.43220282900203477, 0.5013234899825398, 0.05077380309662785]",1.0
0.8456825271079863,0.8280988992319037,84,15,1,True,entropy,"['case AMOUNT_REQ', 'event concept:name', 'prev event', 'time of day']","[0.019003654706439006, 0.42807997903525224, 0.4952817268769089, 0.05763463938139975]",1.0
0.844364062958256,0.8261869711186107,84,15,1,True,entropy,"['case AMOUNT_REQ', 'event concept:name', 'prev event', 'time of day']","[0.018663987686080602, 0.43387646228119003, 0.4900747967030329, 0.05738475332969638]",2.0
0.8474035393095445,0.8284373670243029,84,15,1,True,entropy,"['case AMOUNT_REQ', 'event concept:name', 'prev event', 'time of day']","[0.017959836874446678, 0.43677682278753394, 0.48933676584058367, 0.055926574497435655]",3.0
0.8419640266898752,0.822195617158235,84,14,1,True,entropy,"['case AMOUNT_REQ', 'event concept:name', 'prev event', 'time of day']","[0.01478158766632432, 0.4497323467632424, 0.4865581560399926, 0.0489279095304407]",3.0
0.8522991006672469,0.8341309459916063,84,16,1,True,entropy,"['case AMOUNT_REQ', 'event concept:name', 'prev event', 'time of day']","[0.021054840923737956, 0.4494367627758874, 0.4669202834559957, 0.062588112844379]",3.0
0.859769364664926,0.8427235483267906,84,17,1,True,entropy,"['case AMOUNT_REQ', 'event concept:name', 'prev event', 'time of day']","[0.0244413107269595, 0.42964234250635225, 0.4741186057417965, 0.0717977410248918]",3.0
0.8689621409921671,0.8534287446401977,84,18,1,True,entropy,"['case AMOUNT_REQ', 'event concept:name', 'prev event', 'time of day']","[0.027301943599282882, 0.4248943549359684, 0.46788565010032296, 0.07991805136442584]",3.0
0.8770488830867421,0.8629243106633552,84,19,1,True,entropy,"['case AMOUNT_REQ', 'event concept:name', 'prev event', 'time of day']","[0.030520295630684462, 0.4239596441708174, 0.4559659993419207, 0.08955406085657744]",3.0
0.8849905715114592,0.8729223542898008,84,20,1,True,entropy,"['case AMOUNT_REQ', 'event concept:name', 'prev event', 'time of day']","[0.03298606469865895, 0.42139827135549207, 0.44768531076287593, 0.09793035318297304]",3.0
0.8937844502465913,0.8834873431901102,84,21,1,True,entropy,"['case AMOUNT_REQ', 'event concept:name', 'prev event', 'time of day']","[0.034865716198924174, 0.41715744046524816, 0.44164086231372834, 0.10633598102209925]",3.0
0.9000217580504787,0.891314043279989,84,22,1,True,entropy,"['case AMOUNT_REQ', 'event concept:name', 'prev event', 'time of day']","[0.036848910850172736, 0.40478135159775314, 0.4434509101176823, 0.11491882743439191]",3.0
0.9060414853495792,0.8988036248178737,84,23,1,True,entropy,"['case AMOUNT_REQ', 'event concept:name', 'prev event', 'time of day']","[0.0382775216010951, 0.4034500935706246, 0.4362649659490385, 0.12200741887924162]",3.0
0.8318105093204169,0.8117659928458594,84,12,1,False,entropy,"['case AMOUNT_REQ', 'event concept:name', 'prev event', 'time of day']","[0.0071178472711910966, 0.4595820860285144, 0.4971461009408855, 0.03615396575940904]",4.0
0.832562747688243,0.8120841597154066,84,12,1,True,entropy,"['case AMOUNT_REQ', 'event concept:name', 'prev event', 'time of day']","[0.009644511841876266, 0.4616345056682199, 0.4887422855471415, 0.03997869694276232]",4.0
0.8307830617936298,0.8089551188992596,84,9,1,True,entropy,"['case AMOUNT_REQ', 'event concept:name', 'prev event', 'time of day']","[0.004024123668458499, 0.46228700333856254, 0.5028340040533223, 0.030854868939656586]",4.0
0.83291134595626,0.8120526328993911,84,10,1,True,entropy,"['case AMOUNT_REQ', 'event concept:name', 'prev event', 'time of day']","[0.005721337855477334, 0.45254018895499387, 0.5067838515281665, 0.03495462166136237]",4.0
0.8323058858065463,0.8115677940970643,84,11,1,True,entropy,"['case AMOUNT_REQ', 'event concept:name', 'prev event', 'time of day']","[0.007342693818161213, 0.45618367639062535, 0.5004533138512902, 0.036020315939923275]",4.0
0.8326728313518273,0.8124355306690049,84,13,1,True,entropy,"['case AMOUNT_REQ', 'event concept:name', 'prev event', 'time of day']","[0.012060497548584528, 0.44429535128236447, 0.499895570039036, 0.04374858113001496]",4.0
0.830819756348158,0.8111867734183311,84,14,1,True,entropy,"['case AMOUNT_REQ', 'event concept:name', 'prev event', 'time of day']","[0.014946373286240834, 0.44272567223152504, 0.49267710567711326, 0.0496508488051209]",4.0
0.8299023924849552,0.81080043882105,84,15,1,True,entropy,"['case AMOUNT_REQ', 'event concept:name', 'prev event', 'time of day']","[0.018105011957065854, 0.4447806604425111, 0.48060546506500174, 0.05650886253542135]",4.0
0.8282327902539263,0.8094907186787809,84,16,1,True,entropy,"['case AMOUNT_REQ', 'event concept:name', 'prev event', 'time of day']","[0.021321811649658944, 0.44306141387082526, 0.4716242211181406, 0.06399255336137533]",4.0
0.8257926023778072,0.8076571371603488,84,17,1,True,entropy,"['case AMOUNT_REQ', 'event concept:name', 'prev event', 'time of day']","[0.02435561320577967, 0.4299510249813581, 0.4740377945501066, 0.07165556726275567]",4.0
0.8297189197123147,0.8080100299084538,10,10,1,True,entropy,"['case AMOUNT_REQ', 'event concept:name', 'prev event', 'time of day']","[0.005307088381655909, 0.4903123865615953, 0.4715910807316838, 0.03278944432506488]",4.0
0.8319205929840012,0.8108197864725201,20,10,1,True,entropy,"['case AMOUNT_REQ', 'event concept:name', 'prev event', 'time of day']","[0.005536767508117442, 0.47640448440626276, 0.48409024474906887, 0.03396850333655096]",4.0
0.8330397768971085,0.8121080474040823,30,10,1,True,entropy,"['case AMOUNT_REQ', 'event concept:name', 'prev event', 'time of day']","[0.00548839359102667, 0.45521229167754534, 0.5048057562418935, 0.03449355848953457]",4.0
0.8331131660061647,0.8122263282092048,40,10,1,True,entropy,"['case AMOUNT_REQ', 'event concept:name', 'prev event', 'time of day']","[0.005753076321714758, 0.4490611242560313, 0.5106148616071093, 0.034570937815144656]",4.0
0.83291134595626,0.812048825205984,50,10,1,True,entropy,"['case AMOUNT_REQ', 'event concept:name', 'prev event', 'time of day']","[0.005684408156134943, 0.4501309952534423, 0.5091575112128522, 0.03502708537757053]",4.0
0.8323976221928666,0.8115352636761187,60,10,1,True,entropy,"['case AMOUNT_REQ', 'event concept:name', 'prev event', 'time of day']","[0.005692935208495572, 0.44066732846198614, 0.5188381343358487, 0.034801601993669724]",4.0
0.8326911786290915,0.8117870951263322,70,10,1,True,entropy,"['case AMOUNT_REQ', 'event concept:name', 'prev event', 'time of day']","[0.00565044019947155, 0.45207850368735636, 0.507484252710444, 0.034786803402728016]",4.0
0.832856304124468,0.8119653323220075,80,10,1,True,entropy,"['case AMOUNT_REQ', 'event concept:name', 'prev event', 'time of day']","[0.005730613018373166, 0.4512150453170012, 0.5079596607665142, 0.03509468089811142]",4.0
0.8330581241743725,0.8121869890800171,90,10,1,True,entropy,"['case AMOUNT_REQ', 'event concept:name', 'prev event', 'time of day']","[0.005725784512971826, 0.4532225067530886, 0.506304506977924, 0.034747201756015665]",4.0
0.8329296932335242,0.8120775989057848,100,10,1,True,entropy,"['case AMOUNT_REQ', 'event concept:name', 'prev event', 'time of day']","[0.005767404583708122, 0.45275140916595613, 0.5066901400330323, 0.03479104621730359]",4.0
0.8330214296198444,0.8121365490820237,110,10,1,True,entropy,"['case AMOUNT_REQ', 'event concept:name', 'prev event', 'time of day']","[0.0057005441179938405, 0.45141935419239526, 0.5084452986440741, 0.03443480304553698]",4.0
0.8334617642741817,0.8124245263478508,40,10,2,True,entropy,"['case AMOUNT_REQ', 'event concept:name', 'prev event', 'time of day']","[0.005791232654363697, 0.4587869652322273, 0.5021277116224104, 0.03329409049099865]",4.0
0.8322324966974901,0.8111995640034172,40,10,3,True,entropy,"['case AMOUNT_REQ', 'event concept:name', 'prev event', 'time of day']","[0.0056229189984769255, 0.45817122063385884, 0.5026564483660452, 0.03354941200161915]",4.0
0.8314068692206077,0.810319233654776,40,10,4,True,entropy,"['case AMOUNT_REQ', 'event concept:name', 'prev event', 'time of day']","[0.005587338577481673, 0.46448144250910794, 0.4954922839121964, 0.03443893500121403]",4.0
0.812178922647879,0.7779066064776261,40,7,1,True,entropy,"['case AMOUNT_REQ', 'event concept:name', 'prev event', 'time of day']","[0.002909582662573498, 0.4552727048100925, 0.5137109520834534, 0.02810676044388054]",4.0
0.8135916629972112,0.7868604647677071,40,8,1,True,entropy,"['case AMOUNT_REQ', 'event concept:name', 'prev event', 'time of day']","[0.003485048926945707, 0.44792965602983786, 0.5185974488250231, 0.02998784621819328]",4.0
0.8276823719360047,0.8057195869235878,40,9,1,True,entropy,"['case AMOUNT_REQ', 'event concept:name', 'prev event', 'time of day']","[0.004062227952346637, 0.45792297501543444, 0.5055907896258782, 0.03242400740634067]",4.0
0.8326911786290915,0.8119716074654568,40,11,1,True,entropy,"['case AMOUNT_REQ', 'event concept:name', 'prev event', 'time of day']","[0.0075173963927682025, 0.46548685718756433, 0.4918731361042954, 0.035122610315372074]",4.0
0.83291134595626,0.8124494110273532,40,12,1,True,entropy,"['case AMOUNT_REQ', 'event concept:name', 'prev event', 'time of day']","[0.009548980095770751, 0.4629912739734635, 0.48755840351399216, 0.039901342416773476]",4.0
0.8323976221928666,0.8121996805332372,40,13,1,True,entropy,"['case AMOUNT_REQ', 'event concept:name', 'prev event', 'time of day']","[0.012409633996791604, 0.44526649665661655, 0.49739473242426496, 0.04492913692232685]",4.0
0.8304344635256128,0.8108624167999554,40,14,1,True,entropy,"['case AMOUNT_REQ', 'event concept:name', 'prev event', 'time of day']","[0.015117602469042112, 0.43998122489457214, 0.49531403427536913, 0.049587138361016594]",4.0
0.816563921913988,0.8011416715342002,40,20,1,True,entropy,"['case AMOUNT_REQ', 'event concept:name', 'prev event', 'time of day']","[0.03297451966622031, 0.4125453232702118, 0.45480938629432455, 0.0996707707692433]",4.0
0.793464699838544,0.7847200174085753,40,25,1,True,entropy,"['case AMOUNT_REQ', 'event concept:name', 'prev event', 'time of day']","[0.04117602112265991, 0.38624783361979664, 0.4373852783565678, 0.13519086690097562]",4.0
0.832874651401732,0.8119754063198863,37,10,1,True,entropy,"['case AMOUNT_REQ', 'event concept:name', 'prev event', 'time of day']","[0.005609654240368421, 0.4507233171246519, 0.5089538470995769, 0.03471318153540286]",4.0
0.8325810949655071,0.8116934682459516,38,10,1,True,entropy,"['case AMOUNT_REQ', 'event concept:name', 'prev event', 'time of day']","[0.005636175024009318, 0.450063215909565, 0.5093457314129908, 0.034954877653435024]",4.0
0.8329296932335242,0.8120588803166678,39,10,1,True,entropy,"['case AMOUNT_REQ', 'event concept:name', 'prev event', 'time of day']","[0.005678055143127811, 0.44945957986604507, 0.5101251736735735, 0.03473719131725377]",4.0
0.8330397768971085,0.8121032539683929,41,10,1,True,entropy,"['case AMOUNT_REQ', 'event concept:name', 'prev event', 'time of day']","[0.005751991777750766, 0.45225373833459837, 0.5071969663199027, 0.0347973035677481]",4.0
0.8331131660061647,0.812231339670914,42,10,1,True,entropy,"['case AMOUNT_REQ', 'event concept:name', 'prev event', 'time of day']","[0.005727671831853284, 0.44860408796307705, 0.5108573902725514, 0.03481084993251826]",4.0
0.8331315132834287,0.8122731792017401,43,10,1,True,entropy,"['case AMOUNT_REQ', 'event concept:name', 'prev event', 'time of day']","[0.005701982742502893, 0.4487961320015824, 0.5106711228078588, 0.034830762448055906]",4.0
0.8321407603111698,0.8114418473736554,40,10,1,False,entropy,"['case AMOUNT_REQ', 'event concept:name', 'prev event', 'time of day']","[0.004392357304461583, 0.4463571864105684, 0.5160893775975853, 0.03316107868738467]",4.0
0.8331682078379569,0.8122555075038608,40,10,2,False,entropy,"['case AMOUNT_REQ', 'event concept:name', 'prev event', 'time of day']","[0.004671634827906434, 0.4459892595878514, 0.5173487450269697, 0.03199036055727252]",4.0
0.8317554674886247,0.8111942711353685,43,10,1,False,entropy,"['case AMOUNT_REQ', 'event concept:name', 'prev event', 'time of day']","[0.004385973999545592, 0.44694988868663144, 0.5159208979574056, 0.03274323935641725]",4.0
0.8294591566329343,0.8076680126536234,40,10,2,True,entropy,"['case AMOUNT_REQ', 'event concept:name', 'prev event', 'time of day']","[0.005535507280393309, 0.4508599576235506, 0.5107560283969308, 0.03284850669912537]",4.0
0.8389084662924333,0.8212282097054939,40,10,2,True,entropy,"['case AMOUNT_REQ', 'event concept:name', 'prev event', 'time of day', 'event lifecycle:transition']","[0.006328651553305071, 0.4426299785954487, 0.4340362805197075, 0.031620067428672335, 0.08538502190286638]",4.0
0.8392482437733784,0.8237008291915138,40,10,2,True,entropy,"['event concept:name', 'prev event', 'time of day', 'event lifecycle:transition']","[0.4362121007723876, 0.45573194926429633, 0.029489900279542534, 0.07856604968377345]",4.0
0.835868159314928,0.8178066283692486,40,10,2,True,entropy,"['event concept:name', 'prev event', 'time of day', 'event lifecycle:transition']","[0.4373455164870468, 0.4526808781053216, 0.03048765541061359, 0.07948594999701813]",5.0
0.837250791668525,0.8222906041617724,84,12,1,True,entropy,"['event concept:name', 'prev event', 'time of day', 'event lifecycle:transition']","[0.423798913541065, 0.45734259106998537, 0.04003212510865524, 0.07882637028029432]",5.0
0.8361803666205789,0.8186839052967719,84,10,1,True,entropy,"['event concept:name', 'prev event', 'time of day', 'event lifecycle:transition']","[0.41907638273627756, 0.4708935925347491, 0.03146357357538558, 0.07856645115358793]",5.0
0.8372309376140095,0.8230237684898174,84,12,1,True,entropy,"['event concept:name', 'prev event', 'time of day', 'event lifecycle:transition']","[0.4269117673224626, 0.4559603637463897, 0.039122729290769945, 0.07800513964037771]",4.0
0.8386295928500497,0.821924604709998,40,10,2,True,entropy,"['event concept:name', 'prev event', 'time of day', 'event lifecycle:transition']","[0.43892419526835197, 0.4518347302650027, 0.03134251807221229, 0.077898556394433]",4.0
